full_address,lat,lon
"8 Cook Place, Taree, 2430, Australia",,
"5 Cook Place, Taree, 2430, Australia",,
"27 Mcblane Street, Weston, 2326, Australia",,
"21 Mitchell Close, Cessnock, 2325, Australia",,
"34 Kelso Street, Singleton, 2330, Australia",,
"21 Heath Avenue, Tuncurry, 2428, Australia",,
"11 Coulson Avenue, Cessnock, 2325, Australia",,
"1 Lachlan Avenue, Singleton Heights, 2330, Australia",,
"2 Teece Street, Weston, 2326, Australia",,
"3 Bass Close, Singleton Heights, 2330, Australia",,
"7 Brown Street, Cessnock, 2325, Australia",,
"27 Clare Street, Cessnock, 2325, Australia",,
"3 Wattle Close, Gloucester, 2422, Australia",,
"40 Stockyard Circuit, Wingham, 2429, Australia",,
"1 Strathmore Place, Taree, 2430, Australia",,
"48 Blaxland Avenue, Singleton Heights, 2330, Australia",,
"11 Frances Street, Gloucester, 2422, Australia",,
"1-11 Heath Avenue, Tuncurry, 2428, Australia",,
"10 Warrina Close, Taree, 2430, Australia",,
"26 Teece Street, Weston, 2326, Australia",,
"10 Casson Avenue, Cessnock, 2325, Australia",,
"46 Kanangra Drive, Taree, 2430, Australia",,
"8 Irvine Street, Wingham, 2429, Australia",,
"16 Dalmeny Close, Hunterview, 2330, Australia",,
"3 Wentworth Avenue, Singleton Heights, 2330, Australia",,
"33 Maclean Street, Cessnock, 2325, Australia",,
"25 North Street, Tuncurry, 2428, Australia",,
"20 Bright Street, Forster, 2428, Australia",,
"90 Fourth Street, Weston, 2326, Australia",,
"11 Mackellar Street, Cessnock, 2325, Australia",,
"32 Divide Street, Forster, 2428, Australia",,
"8 Casson Avenue, Cessnock, 2325, Australia",,
"112 Alkira Avenue, Cessnock, 2325, Australia",,
"3 Coulson Avenue, Cessnock, 2325, Australia",,
"28 Wentworth Avenue, Singleton Heights, 2330, Australia",,
"5 Cook Street, Gloucester, 2422, Australia",,
"19 Girraween Street, Buff Point, 2262, Australia",,
"33 Ronald Road, Taree, 2430, Australia",,
"22 Coulson Avenue, Cessnock, 2325, Australia",,
"8 Blaxland Avenue, Singleton Heights, 2330, Australia",,
"78 Fourth Street, Weston, 2326, Australia",,
"40 Illingari Circuit, Taree, 2430, Australia",,
"73 Stokes Circuit, Taree, 2430, Australia",,
"7 Thorp Close, Cessnock, 2325, Australia",,
"14 Bushland Drive, Taree, 2430, Australia",,
"12 Tulloch Close, Singleton, 2330, Australia",,
"4 Frances Street, Gloucester, 2422, Australia",,
"15 Brown Street, Cessnock, 2325, Australia",,
"115 Fourth Street, Weston, 2326, Australia",,
"30 Avon Street, Gloucester, 2422, Australia",,
"62-64 Kanangra Drive, Taree, 2430, Australia",,
"4 Yango Street, Cessnock, 2325, Australia",,
"4 Yango Street, Cessnock, 2325, Australia",,
"4 Nelson Street, Cessnock, 2325, Australia",,
"27 Wermol Street, Kurri Kurri, 2327, Australia",,
"21 Wilkinson Boulevard, Hunterview, 2330, Australia",,
"15 Buckland Avenue, Cessnock, 2325, Australia",,
"31 Benara Crescent, Forster, 2428, Australia",,
"4 Allumba Close, Taree, 2430, Australia",,
"6 Bushland Drive, Taree, 2430, Australia",,
"18 Wills Close, Singleton Heights, 2330, Australia",,
"6 Coulson Avenue, Cessnock, 2325, Australia",,
"10 Pine Close, Gloucester, 2422, Australia",,
"117 Fourth Street, Weston, 2326, Australia",,
"47 Orchard Avenue, Singleton, 2330, Australia",,
"18 Davies Close, Weston, 2326, Australia",,
"4 Brown Close, Singleton, 2330, Australia",,
"20 Andrew Close, Taree, 2430, Australia",,
"63 Buchan Avenue, Singleton, 2330, Australia",,
"37 Valerie Street, Taree, 2430, Australia",,
"4 Kingston Close, Singleton, 2330, Australia",,
"30 Smith Street, Taree, 2430, Australia",,
"15 Moon Street, Wingham, 2429, Australia",,
"14 Gwenneth Avenue, Taree, 2430, Australia",,
"1 Gwenneth Avenue, Taree, 2430, Australia",,
"25 Hooke Street, Taree, 2430, Australia",,
"4 Blaxland Avenue, Singleton Heights, 2330, Australia",,
"6 Wills Close, Singleton Heights, 2330, Australia",,
"22 Wills Close, Singleton Heights, 2330, Australia",,
"9 Ronald Road, Taree, 2430, Australia",,
"16 Maclean Street, Cessnock, 2325, Australia",,
"1 Duguid Close, Cessnock, 2325, Australia",,
"1 Blaxland Avenue, Singleton Heights, 2330, Australia",,
"9 Galloway Street, Kurri Kurri, 2327, Australia",,
"8 Frances Street, Gloucester, 2422, Australia",,
"38 Kelso Street, Singleton, 2330, Australia",,
"17 Brown Street, Cessnock, 2325, Australia",,
"7 Barton Street, Taree, 2430, Australia",,
"26 Jones Street, Dungog, 2420, Australia",,
"36 O'Toole Street, Weston, 2326, Australia",,
"34 Railway Parade, Kurri Kurri, 2327, Australia",,
"2 Hume Close, Singleton Heights, 2330, Australia",,
"3 Alkira Avenue, Cessnock, 2325, Australia",,
"15 Thorp Close, Cessnock, 2325, Australia",,
"1 Mitchell Avenue, Singleton Heights, 2330, Australia",,
"18 Highland Cresent, Hamlyn Terrace, 2259, Australia",,
"17 Wakehurst Crescent, Singleton Heights, 2330, Australia",,
"15 Saxton Street, Kurri Kurri, 2327, Australia",,
"8 Strathmore Place, Taree, 2430, Australia",,
"2 Phyllis Avenue, Kanwal, 2259, Australia",,
"11 Galloway Street, Kurri Kurri, 2327, Australia",,
"48 Walker Avenue, Kanwal, 2259, Australia",,
"19 Pindari Crescent, Taree, 2430, Australia",,
"22 Nuwarra Circuit, Forster, 2428, Australia",,
"70 Kanangra Drive, Taree, 2430, Australia",,
"15 Mitchell Close, Cessnock, 2325, Australia",,
"12 Blaxland Avenue, Singleton Heights, 2330, Australia",,
"36 Francis Street, Cessnock, 2325, Australia",,
"8A Bahtoo Parade, Taree, 2430, Australia",,
"13 Wakehurst Crescent, Singleton Heights, 2330, Australia",,
"52 Blaxland Avenue, Singleton Heights, 2330, Australia",,
"17 Saxton Street, Kurri Kurri, 2327, Australia",,
"5 Cedar Grove, Forster, 2428, Australia",,
"66 Blaxland Avenue, Singleton Heights, 2330, Australia",,
"33 Valerie Street, Taree, 2430, Australia",,
"1-11 Heath Avenue, Tuncurry, 2428, Australia",,
"6 Casson Avenue, Cessnock, 2325, Australia",,
"18 Barton Street, Taree, 2430, Australia",,
"27 Kennedy Street, Singleton, 2330, Australia",,
"11 Valerie Street, Taree, 2430, Australia",,
"13 Tulloch Close, Singleton, 2330, Australia",,
"42 Kelso Street, Singleton, 2330, Australia",,
"50 Warrina Close, Taree, 2430, Australia",,
"9 Brown Street, Cessnock, 2325, Australia",,
"17 Wentworth Avenue, Singleton Heights, 2330, Australia",,
"8 Nelson Street, Cessnock, 2325, Australia",,
"12 Cook Place, Taree, 2430, Australia",,
"9 Mackellar Street, Cessnock, 2325, Australia",,
"5 Thorp Close, Cessnock, 2325, Australia",,
"79 Hospital Road, Weston, 2326, Australia",,
"4 Pindari Crescent, Taree, 2430, Australia",,
"1 Galloway Street, Kurri Kurri, 2327, Australia",,
"8 Saxton Street, Kurri Kurri, 2327, Australia",,
"15 O'Toole Street, Weston, 2326, Australia",,
"11 Moon Street, Wingham, 2429, Australia",,
"20 Brown Street, Cessnock, 2325, Australia",,
"5 Oxley Avenue, Singleton Heights, 2330, Australia",,
"20 Hughes Street, Taree, 2430, Australia",,
"19 Wakehurst Crescent, Singleton Heights, 2330, Australia",,
"111 Fourth Street, Weston, 2326, Australia",,
"6 Brown Street, Cessnock, 2325, Australia",,
"45 Mudford Street, Taree, 2430, Australia",,
"38 Railway Parade, Kurri Kurri, 2327, Australia",,
"41 Buchan Avenue, Singleton, 2330, Australia",,
"28 Northcott Avenue, Singleton Heights, 2330, Australia",,
"39 Marsden Road, Blue Haven, 2262, Australia",,
"5 Askernish Drive, Dubbo, 2830, Australia",,
"131 Emu Drive, San Remo, 2262, Australia",,
"16-18 Margaret Street, Anna Bay, 2316, Australia",,
"155 Bolwarra Park Drive, Bolwarra Heights, 2320, Australia",,
"36 Bowline Close, Corlette, 2315, Australia",,
"19 Alliance Street, East Maitland, 2323, Australia",,
"60 Rous Street, East Maitland, 2323, Australia",,
"58 Rous Street, East Maitland, 2323, Australia",,
"115 Awabakal Drive, Fletcher, 2287, Australia",,
"12-14 Beauford Avenue, Maryland, 2287, Australia",,
"43-45 John Street, Cardiff, 2285, Australia",,
"35 Joslin Street, Kotara, 2289, Australia",,
"69 Young Road, Lambton, 2299, Australia",,
"55 Morehead Road, North Lambton, 2299, Australia",,
"40 Marton Street, Shortland, 2307, Australia",,
"38 Marton Street, Shortland, 2307, Australia",,
"96 Douglas Street, Stockton, 2295, Australia",,
"5 Martindale Street, Wallsend, 2287, Australia",,
"15 Crest Road, Wallsend, 2287, Australia",,
"20 Chalmers Road, Wallsend, 2287, Australia",,
"60 Evans Street, Belmont, 2280, Australia",,
"7 Gommera Street, Blacksmiths, 2281, Australia",,
"5 Gommera Street, Blacksmiths, 2281, Australia",,
"19 Auklet Road, Mount Hutton, 2290, Australia",,
"19 Auklet Road, Mount Hutton, 2290, Australia",,
"29 Helen Street, Mount Hutton, 2290, Australia",,
"66 Grand Parade, Bonnells Bay, 2264, Australia",,
"168 Station Street, Bonnells Bay, 2264, Australia",,
"107 Freemans Drive, Morisset, 2264, Australia",,
"106 Cherry Street, Ballina, 2478, Australia",,
"12 Marana Street, Bilambil Heights, 2486, Australia",,
"88 Darley Street, Shellharbour (for 1 Illawarra), 2259, Australia",,
"73 Palmer Street, Dubbo, 2830, Australia",,
"1 Nandina Avenue, Lake Albert, 2650, Australia",,
"6-8 Archbold Road, Long Jetty, 2261, Australia",,
"6-8 Archbold Road, Long Jetty, 2261, Australia",,
"34 Milray Street, Swansea, 2281, Australia",,
"11 Provan Place, Dubbo, 2830, Australia",,
"34 Dunheved Circle, Dubbo, 2830, Australia",,
"3 Lae Street, Muswellbrook, 2333, Australia",,
"20 Vista Parade, Kotara, 2289, Australia",,
"32 St Heliers Street, Aberdeen, 2336, Australia",,
"44 Maize Street, Tenambit, 2323, Australia",,
"18 Yulong Street, Dubbo, 2830, Australia",,
"37A McKeachie Drive, Aberglassyn, 2320, Australia",,
"8 Farquhar Street, Wingham, 2429, Australia",,
"30 York Street, Dubbo, 2830, Australia",,
"22 Glover Street, Belmont, 2280, Australia",,
"13 Carr Place, Beresfield, 2322, Australia",,
"18 Carr Place, Beresfield, 2322, Australia",,
"9 Augusta Close, Heddon Greta, 2321, Australia",,
"58 Ridgeview Drive, Cliftleigh, 2321, Australia",,
"40 Chifley Street, Dubbo, 2830, Australia",,
"31a Rawmarsh Street, Farley, 2320, Australia",,
"31b Rawmarsh Street, Farley, 2320, Australia",,
"162 Osborne Road, Mitchelton, 4053, Australia",,
"164 Osborne Road, Mitchelton, 4053, Australia",,
"34 Mapplewell Circuit, Farley, 2320, Australia",,
"21 Braye Street, Mayfield, 2304, Australia",,
"1292-1294 Mulgoa Road, Mulgoa, 2745, Australia",,
"20 Ferrier Drive, Dubbo, 2830, Australia",,
"126 Georgia Drive, Hamlyn Terrace, 2259, Australia",,
"132 Georgia Drive, Hamlyn Terrace, 2259, Australia",,
"128 Georgia Drive, Hamlyn Terrace, 2259, Australia",,
"20 Softwood Street, Spring Farm, 2570, Australia",,
"19 Anthony Street, Blacktown, 2148, Australia",,
"40 Blaxcell Street, Granville, 1830, Australia",,
"38 Violet Road, Hamlyn Terrace, 2259, Australia",,
"106 Georgia Drive, Hamlyn Terrace, 2259, Australia",-33.2564995,151.4857417
"3 Beaufort Avenue, Austral, 2171, Australia",-33.9147824,150.8178258
"48 Stonebridge Drive, Cessnock, 2323, Australia",-32.8279412,151.3385348
"13 Croft Street, Thornton, 2322, Australia",,
"24 Primrose Drive, Hamlyn Terrace, 2259, Australia",-33.2528141,151.4799254
"25 Mudford Street, Taree, 2430, Australia",-31.8808545,152.4608468
"12 Landsborough Close, Westdale, 2340, Australia",-31.0988166,150.8779406
"120 Randalls Road, Bucca, 2450, Australia",-30.1293825,153.0636231
"7 Collins Avenue, Dubbo, 2830, Australia",-32.2398336,148.6354562
"133 Creedon Street, Broken Hill, 2880, Australia",-31.967578250000003,141.4338575
"60 Rhythm Drive, Ripley, 4306, Australia",,
"97 Creedon Street, Broken Hill, 2880, Australia",-31.969788100000002,141.4357254924194
"58 Derbyshire Road, Springfarm, 2570, Australia",,
"14 Cardigan Close, Melton South, 3338, Australia",-37.7096468,144.5618968
"37 Tussock Drive, White Hills, 3550, Australia",-36.7222492,144.3085247
"11 Cardigan Close, Melton South, 3338, Australia",-37.7096468,144.5618968
"14 Beveridge Crescent, Dubbo, 2830, Australia",-32.2728739,148.6140969
"14 Leumeah Place, Bolton Point, 2283, Australia",-32.9937446,151.6068197
"12 Dragon Avenue, Morayfield, 4506, Australia",-27.1204264,152.9517428
"14 Cunningham Street, Dubbo, 2830, Australia",-32.2470935,148.6374406
"17 Wilton Grove, Woongarrah, 2259, Australia",-33.2404186,151.4591482
"80 Catherine Drive, Dubbo, 2830, Australia",-32.2378917,148.588292
"269 Knox Street, Broken Hill, 2880, Australia",-31.984228,141.4718047
"10 Ann Street, Taree, 2430, Australia",-31.8973128,152.4656024
"21 Burlington Close, Cameron Park, 2285, Australia",-32.9177057,151.6207856
"9 Vincent Avenue, Sippy Downs, 4556, Australia",-26.7298423,153.0776361
"4 Benendarah Way, Tullimbar, 2527, Australia",,
"1 Dresden Street, Bald Hills, 4036, Australia",-27.3182607,153.0145141
"34 Howard Ave, Dubbo, 2830, Australia",-32.2448805,148.5865739
"657 McGowen Street, Broken Hill, 2880, Australia",-31.9390856,141.4722046
"661 McGowen Street, Broken Hill, 2880, Australia",-31.9390856,141.4722046
"668 McGowen Street, Broken Hill, 2880, Australia",-31.9390856,141.4722046
"672 McGowen Street, Broken Hill, 2880, Australia",-31.9390856,141.4722046
"674 McGowen Street, Broken Hill, 2880, Australia",-31.9390856,141.4722046
"37 Nicholls Street, Broken Hill, 2880, Australia",-31.9649261,141.4396279
"611 O'Neill Street, Broken Hill, 2880, Australia",-31.9361366,141.4689704
"329 Williams Street, Broken Hill, 2880, Australia",-31.9585594,141.4428178
"18 Crinoline Street, Denman, 2328, Australia",-32.3878303,150.6901208
"13 Martindale Street, Denman, 2328, Australia",-32.3824976,150.6879075
"2 Fairleigh Street, Glendale, 2285, Australia",-32.9281579,151.6406269
"8 Poyner Avenue, Glendale, 2285, Australia",-32.9295687,151.6465189
"8 Figtree Place, Hamilton, 2303, Australia",,
"10 Hexham Street, Kahibah, 2290, Australia",-32.9628867,151.7135638
"10 Hexham Street, Kahibah, 2290, Australia",-32.9628867,151.7135638
"38 Maree Blvd, Killarney Vale, 2261, Australia",-33.3752314,151.4574245
"7 Durham Road, Lambton, 2299, Australia",-32.9164233,151.7174261
"2 Rees Way, Lambton Gardens, 2299, Australia",,
"61 Balarang Street, Maryland, 2287, Australia",-32.8705262,151.6514207
"20 Anzac Parade, Muswellbrook, 2333, Australia",-32.2741837,150.8808337
"27 Anzac Parade, Muswellbrook, 2333, Australia",-32.2741837,150.8808337
"141 Wollombi Road, Muswellbrook, 2333, Australia",-32.2761483,150.8745421
"12 Bingle Street, Scone, 2337, Australia",-32.0544615,150.8765973
"18 Bingle Street, Scone, 2337, Australia",-32.0544615,150.8765973
"26 Stafford Street, Scone, 2337, Australia",-32.0512991,150.876223
"20 Kenny Close, Swansea, 2281, Australia",-33.0977822,151.6300499
"12 Aldwick Close, Tarro, 2322, Australia",-32.8100851,151.6556211
"1 Aldwick Close, Tarro, 2322, Australia",-32.8100851,151.6556211
"8 Aldwick Close, Tarro, 2322, Australia",-32.8100851,151.6556211
"14 Western Avenue, Tarro, 2322, Australia",-32.810089,151.6583465
"2 Somerset Drive, Thornton, 2322, Australia",-32.7782763,151.65255
"116 Eastern Road, Tumbi Umbi, 2261, Australia",-33.3696195,151.4499813
"18 Northumberland Way, Tumbi Umbi, 2261, Australia",-33.3752245,151.4561033
"19 Northumberland Way, Tumbi Umbi, 2261, Australia",-33.3752245,151.4561033
"21 Northumberland Way, Tumbi Umbi, 2261, Australia",-33.3752245,151.4561033
"25 Northumberland Way, Tumbi Umbi, 2261, Australia",-33.3752245,151.4561033
"26 Northumberland Way, Tumbi Umbi, 2261, Australia",-33.3752245,151.4561033
"4 Northumberland Way, Tumbi Umbi, 2261, Australia",-33.3752245,151.4561033
"57 Stapleton Street, Wallsend, 2287, Australia",-32.8976814,151.6791074
"39 Warners Bay Road, Warners Bay, 2282, Australia",-32.9833462,151.6543949
"32 Anzac Parade, Muswellbrook, 2333, Australia",-32.2741837,150.8808337
"8 Anzac Parade, Muswellbrook, 2333, Australia",-32.2741837,150.8808337
"31 Skellatar Street, Muswellbrook, 2333, Australia",-32.2729945,150.8857677
"33 Mitchell Street, Muswellbrook, 2333, Australia",-32.2692401,150.8847586
"26 Coorabin Street, Gorokan, 2263, Australia",-33.260667,151.5007801
"17 Tindale Street, Muswellbrook, 2333, Australia",-32.2737441,150.8826497
"92 Christo Road, Waratah, 2298, Australia",-32.9106523,151.7266042
"321 Fitzroy Street, Dubbo, 2830, Australia",-32.2529045,148.6127962
"15 Dunheved Street, Dubbo, 2830, Australia",,
"30 Hayden Brook Road, Booragul, 2284, Australia",-32.9807804,151.6065652
"3 Eskdale Street, New Lambton, 2305, Australia",,
"8 Peter Street, Rutherford, 2320, Australia",-32.7131032,151.5329724
"2 Doncaster Ave, Dubbo, 2830, Australia",-32.2613752,148.6306521
"18 Kitchener Parade, Mayfield, 2304, Australia",-32.8980171,151.7508044
"2 Reef Way, Muswellbrook, 2333, Australia",-32.2755921,150.8768827
"35 Tobruk Avenue, Muswellbrook, 2333, Australia",-32.2760276,150.8784652
"77 Tobruk Avenue, Muswellbrook, 2333, Australia",-32.2760276,150.8784652
"43 Tobruk Avenue, Muswellbrook, 2333, Australia",-32.2760276,150.8784652
"6 Reef Way, Muswellbrook, 2333, Australia",-32.2755921,150.8768827
"5 Clarence Way, Muswellbrook, 2333, Australia",-32.2771373,150.8763408
"1B Tarakan Ave, Muswellbrook, 2333, Australia",-32.2746064,150.8783715
"5 Pacific Way, Muswellbrook, 2333, Australia",-32.2751526,150.8774141
"1 Pacific Way, Muswellbrook, 2333, Australia",-32.2751526,150.8774141
"4 Pacific Way, Muswellbrook, 2333, Australia",-32.2751526,150.8774141
"126 Wollombi Road, Muswellbrook, 2333, Australia",-32.2761483,150.8745421
"6 Jersey Place, Muswellbrook, 2333, Australia",-32.2765009,150.8810529
"118 George Evans, Killarney Vale, 2261, Australia",-33.3738975,151.4620824
"14 Gossimer Close, Killarney Vale, 2261, Australia",-33.3688303,151.4569462
"111 Wollombi Road, Muswellbrook, 2333, Australia",-32.2761483,150.8745421
"8 Jersey Pl, Muswellbrook, 2333, Australia",-32.2765009,150.8810529
"2 Rainbow Close, Killarney Vale, 2261, Australia",-33.3703528,151.4581718
"8 Avery Street, Killarney Vale, 2261, Australia",-33.3689761,151.4577236
"29-31 Edwin Street, Dubbo, 2830, Australia",-32.2385429,148.613003
"81 George St, East Maitland, 2323, Australia",-32.7491636,151.5908866
"11 Coral Street, Muswellbrook, 2333, Australia",-32.2755921,150.8768827
"5A Jonquil Court, Dubbo, 2830, Australia",-32.2699785,148.6240917
"5B Jonquil Court, Dubbo, 2830, Australia",-32.2699785,148.6240917
"6 Nambucca Cres, Blue Haven, 2262, Australia",-33.2116158,151.5067783
"6 Warringhi Street, Raymond Terrace, 2324, Australia",-32.76768305,151.7445037857881
"35 Zinfandel Circuit, Cessnock, 2325, Australia",-32.8299837,151.3280971
"10 Banksia Street, Canton Beach, 2263, Australia",-33.2731065,151.5486651
"188 Darby Street, Newcastle, 2300, Australia",-32.9389854,151.7647541
"1 Boulderwood Place, Dubbo, 2830, Australia",-32.2449284,148.5812838
"64 Cambronne Parade, Elermore Vale, 2287, Australia",-32.9166624,151.6796681
"49 Frederick Street, Merewether, 2291, Australia",-32.9492543,151.75576
"18 Woollybutt Way, Muswellbrook, 2333, Australia",-32.2830222,150.8975104
"5 Wilga Glen Close, Muswellbrook, 2333, Australia",,
"252 Old Pacific Highway, Swansea, 2281, Australia",-33.1002418,151.6277866
"1 Kembla Close, Toronto, 2283, Australia",-33.0242608,151.6001077
"33 Cowper Street, Wallsend, 2287, Australia",-32.9060338,151.6642789
"17 Kimian Avenue, Waratah, 2298, Australia",-32.8977175,151.7090302
"1C Quarrybylong Street, Cessnock, 2325, Australia",-32.8354815,151.3634529
"12 Menzies Way, Rutherford, 2320, Australia",-32.7083046,151.5395731
"15 Boxer Street, Gillieston Heights, 2321, Australia",-32.7567589,151.53836788785046
"9 Lachlan Ave, Singleton Heights, 2330, Australia",-32.5414177,151.1567397
"1 St Albans Way, Dubbo, 2830, Australia",-32.2561845,148.6458172
"11 Fraser Street, Jesmond, 2299, Australia",-32.898308,151.6893077
"197 McQueen Street, Aberdeen, 2336, Australia",,
"11 Allworth Street, Merewether, 2291, Australia",-32.937879,151.7467146
"8 Spence Street, Dubbo, 2830, Australia",-32.2402793,148.5856802
"8 Cardiff Arms Avenue, Dubbo, 2830, Australia",-32.234302,148.642118
"19 Arthur Summons Street, Dubbo, 2830, Australia",-32.2369638,148.6422086
"1 Edward Windeyer Way, Raymond Terrace, 2324, Australia",-32.7659295,151.7662197
"413 Wheelers Lane, Dubbo, 2830, Australia",-32.254141,148.6296664
"44 Jack William Drive, Dubbo, 2830, Australia",-32.2360897,148.6468679
"23 Timgarlen Drive, Dubbo, 2830, Australia",,
"7 Margaret Crescent, Dubbo, 2830, Australia",-32.2724652,148.6175069
"76 Awabakal Drive, Fletcher, 2287, Australia",-32.8728903,151.6443603
"50 Seaside Drive, Fern Bay, 2295, Australia",,
"22 Transfield Avenue, Edgeworth, 2285, Australia",-32.9171385,151.6275292
"3 Pring Street, Warners Bay, 2282, Australia",-32.9721858,151.6511695
"26 Transfield Avenue, Edgeworth, 2285, Australia",-32.9171385,151.6275292
"6 Tindale Street, Muswellbrook, 2333, Australia",-32.2737441,150.8826497
"18 Transfield Avenue, Edgeworth, 2285, Australia",-32.9171385,151.6275292
"5 Kelman Drive, Cliftleigh, 2321, Australia",-32.7918281,151.5146039
"27 Cooinda Crescent, Dubbo, 2830, Australia",-32.2404843,148.590252
"20 Cobbity Avenue, Dubbo, 2830, Australia",-32.2636576,148.628126
"6 Bellbird Way, Dubbo, 2830, Australia",-32.2504236,148.5789311
"391 Freemans Drive, Cooranbong, 2265, Australia",-33.0510324,151.4707118
"49 Anzac Pd, Muswellbrook, 2333, Australia",,
"11 Anzac Pd, Muswellbrook, 2333, Australia",,
"1 Tamar Way, Muswellbrook, 2333, Australia",-32.2775949,150.8774008
"8 Gossimer Cl, Killarney Vale, 2261, Australia",-33.3688303,151.4569462
"12 Hamilton St, Tumbi Umbi, 2261, Australia",-33.3732535,151.4542123
"6 Pendant Pde, Killarney Vale, 2261, Australia",-33.3679891,151.4563122
"3 Chapel Crescent, Tumbi Umbi, 2261, Australia",,
"23 Main St, Killarney Vale, 2261, Australia",-33.3657262,151.4595187
"61 Websdale Drive, Dubbo, 2830, Australia",-32.2399183,148.6427173
"101 Howick Street, Bathurst, 2795, Australia",-33.4174913,149.5816947
"305 Darling Street, Dubbo, 2830, Australia",-32.2533309,148.6055569
"13 Thomas Smith Place, Dubbo, 2830, Australia",-32.2370076,148.6568848
"17 Lisbon Circuit, Orange, 2800, Australia",-33.2722879,149.0635743
"8 McIntosh Street, Orange, 2800, Australia",-33.2733817,149.0647264
"5 Juniper Place, Orange, 2800, Australia",-33.2950883,149.07234616840577
"239 Dalton Street, Orange, 2800, Australia",-33.279296,149.1244284
"171 Ophir Road, Orange, 2800, Australia",-33.2782152,149.1296446
"40 Wright Street, Broken Hill, 2880, Australia",-31.9596608,141.4459063
"14A Ralston Drive, Orange, 2800, Australia",-33.2448486,149.106349
"54 Moonstone Drive, Orange, 2800, Australia",-33.250119,149.1068312
"112 Kearneys Drive, Orange, 2800, Australia",-33.2650618,149.0932707
"171A Ophir Road, Orange, 2800, Australia",-33.2782152,149.1296446
"3 Lester Place, Abbotsford, 2046, Australia",-33.85403095,151.13092381129385
"76 Terry Street, Albion Park, 2527, Australia",-34.5807842,150.7778464
"45a The Express Way, Albion Park, 2527, Australia",,
"18 Boonerah Street, Albion Park Rail, 2527, Australia",-34.5621327,150.802878
"27 Station Road, Albion Park Rail, 2527, Australia",-34.5632334,150.7977549
"14 Shearwater Boulevard, Albion Park Rail, 2527, Australia",,
"287 Rusden Street, Armidale, 2350, Australia",-30.509899349999998,151.64897080168114
"161 Markham Street, Armidale, 2350, Australia",-30.5177498,151.6572033731087
"3 Glendower Close, Armidale, 2350, Australia",-30.500820750000003,151.64776402781297
"77 Milton Street, Ashfield, 2131, Australia",-33.8887888,151.1174101
"31 Hugh Street, Ashfield, 2131, Australia",-33.8898876,151.122447
"11 Bolding Street, Ballina, 2478, Australia",-28.8667913,153.5486082
"26 Burnet Street, Ballina, 2478, Australia",-28.8681031,153.5669438106424
"50 Bass Street, Barrack Heights, 2528, Australia",-34.5663285,150.8628278
"42 The Kingsway St, Barrack Heights, 2528, Australia",,
"64 Gladstone Street, Bellambi, 2518, Australia",-34.3669673,150.911754
"31-33 Massey Street, Berkeley, 2506, Australia",-34.4781903,150.8506795
"1 George Street, Berkeley, 2506, Australia",-34.4816941,150.8549032
"1A George Street, Berkeley, 2506, Australia",-34.4816941,150.8549032
"8 Melaleuca Place, Bomaderry, 2541, Australia",-34.8415452,150.5970003
"34 Duke Street, Campsie, 2194, Australia",-33.9122604,151.1068884
"38 Shelley Street, Campsie, 2194, Australia",-33.9038814,151.1050424
"21 Edward Ogilvie Drive, Clarenza, 2460, Australia",-29.7223531,152.9634939
"1331 Lismore Road, Clunes, 2480, Australia",-28.7195849,153.4329563
"31 Murray Street, Croydon, 2132, Australia",-33.8837787,151.1103495
"110 Thomas Street, Croydon, 2132, Australia",-33.8845148,151.1145163
"15 Lang Street, Croydon, 2132, Australia",-33.8753279,151.1185031
"74 Brighton Street, Croydon, 2132, Australia",-33.888677,151.1103674
"1183 Jamberoo Road, Curramore, 2533, Australia",-34.6319385,150.7724729
"5 Bedford Crescent, Dulwich Hill, 2203, Australia",-33.9106285,151.1409997
"67 William Street, Earlwood, 2206, Australia",-33.9268359,151.1203756
"26 Buckland Street, Fernhill, 2519, Australia",-34.383267,150.8828667
"22 Outlook Drive, Figtree, 2525, Australia",-34.4356899,150.857351
"9 Queens Road, Five Dock, 2046, Australia",-33.8694813,151.1212628
"61 South Street, Forster, 2428, Australia",-32.1888681,152.5129131
"7-9 Fig Tree Court, Forster, 2428, Australia",-32.1949853,152.5132568
"453 Skyline Road, Goonellabah, 2480, Australia",-28.8341527,153.3228203
"20 Macquarie Street, Goulburn, 2580, Australia",-34.7445199,149.7041859
"18 Mitchell Street, Goulburn, 2580, Australia",-34.7288771,149.7016931
"232 Range Road, Baw Baw, 2580, Australia",-34.7330855,149.6781589
"8-10 Oakwood Avenue, Goulburn, 2580, Australia",-34.7309683,149.7189724
"2 Clyde Street, Goulburn, 2580, Australia",-34.7414692,149.6977597
"1C Rex Street, Goulburn, 2580, Australia",-34.7198151,149.7469854
"6 Record Street, Goulburn, 2580, Australia",-34.7256518,149.7409333
"4 Jarmain Close, Gunnedah, 2380, Australia",-30.9936941,150.2362786
"8 Smyth Close, Gunnedah, 2380, Australia",-30.9986424,150.2406336
"6 Manikato Place, Kembla Grange, 2526, Australia",-34.4718484,150.8257326
"18 Barrys Road, Modanville, 2480, Australia",,
"8-10 Aristo Crescent, Mount Ousley, 2519, Australia",-34.4037911,150.887522
"87 Station Street, Mullumbimby, 2482, Australia",-28.550287,153.5028758
"19 Burigal Street, Narrabri, 2390, Australia",-30.3360565,149.754866
"59 Wallace Street, Nowra, 2541, Australia",-34.8872616,150.6079214
"103 Berry Street, Nowra, 2541, Australia",-34.8764409,150.6001729
"192 Albatross Road, Nowra Hill, 2540, Australia",-34.9331349,150.5560902
"38 Uranus Road, Padstow, 2211, Australia",-33.9562088,151.0224355
"8 Rose Street, Punchbowl, 2196, Australia",-33.9295211,151.0496959
"33-35 Donald Road, Queanbeyan, 2620, Australia",-35.3689294,149.2229831
"26 Charles Street, Queanbeyan, 2620, Australia",-35.3600878,149.2276572
"32 Elizabeth Crescent, Queanbeyan East, 2620, Australia",-35.3459709,149.2502501
"49 Dewhurst Street, Quirindi, 2343, Australia",-31.5096233,150.6878858
"1237 Kamilaroi Highway, Quirindi, 2343, Australia",-31.4666346,150.6199856
"29 Primrose Avenue, Rosebery, 2018, Australia",-33.9166975,151.2056272
"17 Remly Street, Roselands, 2196, Australia",-33.92954,151.0809715
"3 Hillview Street, Roselands, 2196, Australia",-33.9269671,151.0834387
"14 Bladwell Place, Run-o-waters, 2580, Australia",,
"14 Hicks Street, Russell Vale, 2517, Australia",-34.3567257,150.8987874
"23-25 Links Avenue, South Tamworth, 2340, Australia",-31.1049502,150.9080038
"14 Hydebrae Street, Strathfield, 2135, Australia",-33.8732766,151.0758219
"31 Prospect Road, Summer Hill, 2130, Australia",-33.8924877,151.13212922169362
"11 Wahroonga Drive, Tamworth, 2340, Australia",-31.1215413,150.9063173
"7 Emerald Avenue, Tamworth, 2340, Australia",-31.0997067,150.9446037
"4 Cannell Crescent, Towradgi, 2518, Australia",-34.3864802,150.9018899
"60 Royal Mantle Drive, Ulladulla, 2539, Australia",-35.3416474,150.4581218
"21 Asteria Street, Worrigee, 2540, Australia",-34.8998179,150.6199773
"15 Bellevue Street, Figtree, 2525, Australia",,
"14B Ralston Drive, Orange, 2800, Australia",-33.2448486,149.106349
"22a Rifle Range Road, Orange, 2800, Australia",-33.306991,149.0849702
"22B Rifle Range Road, Orange, 2800, Australia",-33.306991,149.0849702
"31 Cleveland Street, Cameron Park, 2285, Australia",-32.920362,151.6038066
"29 Tannery Street, Unanderra, 2526, Australia",-34.4541849,150.8433488
"30 Scenic Drive, Budgewoi, 2262, Australia",-33.2321439,151.5475115
"31 Mountain View Drive, Woongarrah, 2259, Australia",-33.2492973,151.4829496
"41 Ashton Drive, Heddon Greta, 2321, Australia",-32.7986481,151.5145037
"5 Glen Close, Heddon Greta, 2321, Australia",-32.794601,151.5153802
"33 Burdekin Drive, Albion Park, 2527, Australia",-34.5874299,150.7859174
"99 Burdekin Drive, Albion Park, 2527, Australia",-34.5874299,150.7859174
"19 Darling Mills Road, Albion Park, 2527, Australia",-34.5905839,150.7852116
"41 Scarborough Circuit, Albion Park, 2527, Australia",-34.57678,150.7715638
"4 Spring Valley Avenue, Gorokan, 2263, Australia",-33.2488264,151.5096665
"36 Bernice Crescent, Waratah, 2298, Australia",-32.9018005,151.7075083
"17 Auburn Street, Gillieston Heights, 2321, Australia",-32.7674732,151.5243401
"1A Lindley Street, Edgeworth, 2285, Australia",-32.9249968,151.6314691
"31 Common Road, Bendolba, 2420, Australia",-32.3971418,151.7439834
"33 Alkira Avenue, Cessnock, 2325, Australia",-32.8209644,151.3712994
"22 Alkira Avenue, Cessnock, 2325, Australia",-32.8209644,151.3712994
"23 Wermol Street, Kurri Kurri, 2327, Australia",-32.8124829,151.47654
"24 Crozier Crescent, Meadowbrook, 4131, Australia",-27.6695588,153.1489125
"5 Demarr Court, Meadowbrook, 4131, Australia",-27.6713231,153.1524018
"58 Kilsay Crescent, Meadowbrook, 4131, Australia",-27.6674066,153.1484163
"12 Petringa Crescent, Springwood, 4127, Australia",-27.633848,153.1453266
"217 Tilley Road, Wakerley, 4154, Australia",-27.4875076,153.1546429
"91 Besline Street, Kuraby, 4112, Australia",-27.6007335,153.0960049
"83 Meadowlands Street, Carindale, 4152, Australia",,
"38 Vintage Drive, Thornlands, 4164, Australia",-27.5605389,153.2645425
"1 Portland Parade, Redland Bay, 4165, Australia",-27.6250777,153.2906467
"14 Verdelho Street, Thornlands, 4164, Australia",-27.5576952,153.2630091
"26 Donfern Street, Mount Gravatt, 4122, Australia",-27.5377323,153.0678713
"11 Ancilla Street, Mansfield, 4122, Australia",-27.537946,153.0990487
"28 Collinson Street, Runcorn, 4113, Australia",-27.6059031,153.0733377
"125 Morden Road, Sunnybank Hills, 4109, Australia",-27.5816067,153.0395387
"4 Mulgowie Street, Sunnybank Hills, 4109, Australia",,
"34 Prospect Terrace, Highgate Hill, 4101, Australia",-27.4851083,153.022334
"10 Penelope Street, Murarrie, 4172, Australia",-27.456932,153.1032525
"29 Vaughan Street, Mount Gravatt, 4122, Australia",-27.5334988,153.0691331
"29 Samara Street, Sunnybank, 4109, Australia",-27.5780218,153.0732685
"52 Thurlby Street, Upper Mount Gravatt, 4122, Australia",-27.5532266,153.089874
"9 Adsett Street, Taringa, 4068, Australia",-27.49324155,152.98285686264404
"3 Chapman Street, Oxley, 4075, Australia",,
"38 Mowbray Terrace, East Brisbane, 4169, Australia",-27.4832533,153.0435469
"21 Pine Drive, Woodridge, 4114, Australia",-27.6383776,153.0999617
"37 Samara Street, Sunnybank, 4109, Australia",-27.5781103,153.0738772
"78 Marshall Road, Rocklea, 4106, Australia",-27.5562374,153.0165211
"81 Gainsborough Street, Moorooka, 4105, Australia",-27.5345786,153.0180373
"15 Justin Place, Crestmead, 4132, Australia",-27.6989184,153.0919278
"7 Farrar Street, Acacia Ridge, 4110, Australia",-27.5915448,153.0224551
"479 Warrigal Road, Eight Mile Plains, 4113, Australia",-27.5798508,153.0871121
"9 Feluga Street, Shailer Park, 4128, Australia",-27.6606901,153.1753137975477
"49 Archer Street, Upper Mount Gravatt, 4122, Australia",-27.555319,153.0826888
"16 Donna Avenue, Rochedale South, 4123, Australia",-27.6056497,153.1268655
